time,consumption
2024-06-01 00:00:00,0.0022585805728458116
2024-06-01 01:00:00,0.0024777324360936628
2024-06-01 02:00:00,0.0026624163975772597
2024-06-01 03:00:00,0.004106653513798452
2024-06-01 04:00:00,0.001918976065035071
2024-06-01 05:00:00,0.002255614591786808
2024-06-01 06:00:00,0.0010523541864003478
2024-06-01 07:00:00,-0.0014417233038396453
2024-06-01 08:00:00,-0.00014295574661065996
2024-06-01 09:00:00,0.0015575009980949104
2024-06-01 10:00:00,0.0023667496211082772
2024-06-01 11:00:00,0.004152986682067877
2024-06-01 12:00:00,0.0036672265978296573
2024-06-01 13:00:00,0.0010908914145689864
2024-06-01 14:00:00,0.0009005804564760706
2024-06-01 15:00:00,-0.00018233064217276638
2024-06-01 16:00:00,0.005156245489913368
2024-06-01 17:00:00,0.004643820465086419
2024-06-01 18:00:00,0.0007682102386617988
2024-06-01 19:00:00,0.0007389068608707129
2024-06-01 20:00:00,-0.00040941474889062224
2024-06-01 21:00:00,0.0002663592678664079
2024-06-01 22:00:00,0.00045065577761548497
2024-06-01 23:00:00,7.778133357588067e-05
2024-06-02 00:00:00,0.002474893316346781
2024-06-02 01:00:00,0.0026139664250153035
2024-06-02 02:00:00,0.0024278364563895135
2024-06-02 03:00:00,0.0037738465732732223
2024-06-02 04:00:00,0.0017034694042122377
2024-06-02 05:00:00,0.002049011725763056
2024-06-02 06:00:00,0.0012206841325953868
2024-06-02 07:00:00,-0.0006086855789685889
2024-06-02 08:00:00,-0.00010628516389525636
2024-06-02 09:00:00,0.00133178640125517
2024-06-02 10:00:00,0.0024048037093936754
2024-06-02 11:00:00,0.003765048724223795
2024-06-02 12:00:00,0.0034396303672879734
2024-06-02 13:00:00,0.001823514178293881
2024-06-02 14:00:00,0.0010804606511663057
2024-06-02 15:00:00,0.001072526378570435
2024-06-02 16:00:00,0.005282288655404046
2024-06-02 17:00:00,0.004873876394192658
2024-06-02 18:00:00,0.0017842015083198895
2024-06-02 19:00:00,0.001473808992432463
2024-06-02 20:00:00,-0.0003954580236299917
2024-06-02 21:00:00,0.0004146993845826161
2024-06-02 22:00:00,0.0018057390082274714
2024-06-02 23:00:00,0.0038080685413686474
2024-06-03 00:00:00,0.004092704928921833
2024-06-03 01:00:00,0.006322641248096115
2024-06-03 02:00:00,0.0043352877329708725
2024-06-03 03:00:00,0.005845037602092962
2024-06-03 04:00:00,-0.0016398992731821904
2024-06-03 05:00:00,0.0026101652957252106
2024-06-03 06:00:00,0.01769095232859316
2024-06-03 07:00:00,0.039837403438776404
2024-06-03 08:00:00,0.06080346777906841
2024-06-03 09:00:00,0.0621961976349401
2024-06-03 10:00:00,0.047389579521411936
2024-06-03 11:00:00,0.03671612021421498
2024-06-03 12:00:00,0.03654439203410173
2024-06-03 13:00:00,0.047709631521245716
2024-06-03 14:00:00,0.06019097229618069
2024-06-03 15:00:00,0.04096157109854131
2024-06-03 16:00:00,0.0242082895930909
2024-06-03 17:00:00,0.002043635256168644
2024-06-03 18:00:00,-0.00562666398114968
2024-06-03 19:00:00,-0.0020791702358497104
2024-06-03 20:00:00,0.00108454786657554
2024-06-03 21:00:00,0.0020892213212743813
2024-06-03 22:00:00,-0.001645406510707466
2024-06-03 23:00:00,7.271669718914746e-05
2024-06-04 00:00:00,0.0022013684222326924
2024-06-04 01:00:00,0.004457341355645932
2024-06-04 02:00:00,0.0037747319179622933
2024-06-04 03:00:00,0.004293356935153371
2024-06-04 04:00:00,0.00013763805136628583
2024-06-04 05:00:00,0.010711596022773768
2024-06-04 06:00:00,0.03342830714484808
2024-06-04 07:00:00,0.05308196726313313
2024-06-04 08:00:00,0.0633864063016014
2024-06-04 09:00:00,0.0526721797639126
2024-06-04 10:00:00,0.034782755431931836
2024-06-04 11:00:00,0.038917446435121315
2024-06-04 12:00:00,0.046841188540107805
2024-06-04 13:00:00,0.05239962228672845
2024-06-04 14:00:00,0.05064405791646151
2024-06-04 15:00:00,0.023908885056661135
2024-06-04 16:00:00,0.011284244229381348
2024-06-04 17:00:00,-0.0014025952467004773
2024-06-04 18:00:00,-0.003598904767369619
2024-06-04 19:00:00,-0.0012472810561433565
2024-06-04 20:00:00,0.0013415929450455593
2024-06-04 21:00:00,0.0015093641170825071
2024-06-04 22:00:00,0.0013459542714538873
2024-06-04 23:00:00,0.0006354463159524793
2024-06-05 00:00:00,0.0008030984844284014
2024-06-05 01:00:00,0.002115175741159098
2024-06-05 02:00:00,0.0018149471102350035
2024-06-05 03:00:00,0.0011407063527422282
2024-06-05 04:00:00,0.002882441140196188
2024-06-05 05:00:00,0.01794104739906232
2024-06-05 06:00:00,0.03826947218503018
2024-06-05 07:00:00,0.04671065033148237
2024-06-05 08:00:00,0.0455808414251772
2024-06-05 09:00:00,0.03347036256093309
2024-06-05 10:00:00,0.025418291269443078
2024-06-05 11:00:00,0.04010629250377988
2024-06-05 12:00:00,0.04618669563019498
2024-06-05 13:00:00,0.04279145924301708
2024-06-05 14:00:00,0.031540041382783296
2024-06-05 15:00:00,0.008633202072459656
2024-06-05 16:00:00,0.006476938558032807
2024-06-05 17:00:00,0.001956821709658458
2024-06-05 18:00:00,-0.0001466817916909221
2024-06-05 19:00:00,-0.0005304851696474698
2024-06-05 20:00:00,-0.0015436556150461424
2024-06-05 21:00:00,-0.0005630437396617911
2024-06-05 22:00:00,0.0013083883198090082
2024-06-05 23:00:00,0.0009376360212538642
2024-06-06 00:00:00,0.00044663554062124186
2024-06-06 01:00:00,-0.0005490284015943205
2024-06-06 02:00:00,0.0013572375527450954
2024-06-06 03:00:00,0.0009781584172437337
2024-06-06 04:00:00,0.0063221814984997906
2024-06-06 05:00:00,0.01963333219904375
2024-06-06 06:00:00,0.0332458115718906
2024-06-06 07:00:00,0.035024704452676296
2024-06-06 08:00:00,0.03100989243626928
2024-06-06 09:00:00,0.021909250738635293
2024-06-06 10:00:00,0.01972560389326239
2024-06-06 11:00:00,0.033121694989285716
2024-06-06 12:00:00,0.0357813600344413
2024-06-06 13:00:00,0.029561504869610778
2024-06-06 14:00:00,0.018665550510307945
2024-06-06 15:00:00,0.0020958430995716604
2024-06-06 16:00:00,0.005677926354308451
2024-06-06 17:00:00,0.003439163618503977
2024-06-06 18:00:00,0.0012177909945426245
2024-06-06 19:00:00,0.0008750305943079409
2024-06-06 20:00:00,-0.0007284070758934426
2024-06-06 21:00:00,0.00031504961635221484
2024-06-06 22:00:00,0.0011527061996443246
2024-06-06 23:00:00,0.0004581817155242947
2024-06-07 00:00:00,0.0008789013551385737
2024-06-07 01:00:00,-0.0012454531062050227
2024-06-07 02:00:00,0.002400428651545185
2024-06-07 03:00:00,0.002976703917214089
2024-06-07 04:00:00,0.011624473119745021
2024-06-07 05:00:00,0.02337175944486669
2024-06-07 06:00:00,0.031338436476548104
2024-06-07 07:00:00,0.027804338770129857
2024-06-07 08:00:00,0.022369000447015834
2024-06-07 09:00:00,0.01658585040999391
2024-06-07 10:00:00,0.018873366047167887
2024-06-07 11:00:00,0.02924181971207559
2024-06-07 12:00:00,0.027442979181141594
2024-06-07 13:00:00,0.018742643373835518
2024-06-07 14:00:00,0.008953165254198826
2024-06-07 15:00:00,-0.002411693186206686
2024-06-07 16:00:00,0.004518100085789202
2024-06-07 17:00:00,0.0034129476520446313
2024-06-07 18:00:00,0.0015789358779758561
2024-06-07 19:00:00,0.0007458902305432974
2024-06-07 20:00:00,0.0004559585954401715
2024-06-07 21:00:00,0.0010145568054895316
2024-06-07 22:00:00,0.00044742075367887823
2024-06-07 23:00:00,0.0005433288231540005
2024-06-08 00:00:00,0.0020663717342621814
2024-06-08 01:00:00,0.0026669007790424758
2024-06-08 02:00:00,0.0025466431672217784
2024-06-08 03:00:00,0.004220961228312882
2024-06-08 04:00:00,0.0020457899536633684
2024-06-08 05:00:00,0.0025687662222080554
2024-06-08 06:00:00,0.0014446192912569167
2024-06-08 07:00:00,-0.0008625511938638174
2024-06-08 08:00:00,-7.991408547055937e-06
2024-06-08 09:00:00,0.0016098749945454628
2024-06-08 10:00:00,0.002231037594299461
2024-06-08 11:00:00,0.003984556063156348
2024-06-08 12:00:00,0.003449418998909556
2024-06-08 13:00:00,0.0009103042497572605
2024-06-08 14:00:00,0.0006548799638652539
2024-06-08 15:00:00,-0.00012033416614238116
2024-06-08 16:00:00,0.005172584695774545
2024-06-08 17:00:00,0.004878881227156523
2024-06-08 18:00:00,0.0006156836286533151
2024-06-08 19:00:00,0.0006923746782513783
2024-06-08 20:00:00,-0.000394871998875275
2024-06-08 21:00:00,0.00024344735618751074
2024-06-08 22:00:00,0.0006598386404635675
2024-06-08 23:00:00,9.262253072932051e-05
2024-06-09 00:00:00,0.0019807114459722075
2024-06-09 01:00:00,0.0025021797195161188
2024-06-09 02:00:00,0.002371718005848091
2024-06-09 03:00:00,0.003936224727532993
2024-06-09 04:00:00,0.00222635962153037
2024-06-09 05:00:00,0.002476310963957579
2024-06-09 06:00:00,0.0016517267554188295
2024-06-09 07:00:00,2.2127084915963116e-05
2024-06-09 08:00:00,7.132435838992957e-05
2024-06-09 09:00:00,0.0015187087967797927
2024-06-09 10:00:00,0.002217295336651631
2024-06-09 11:00:00,0.003953253383638805
2024-06-09 12:00:00,0.003530117317964593
2024-06-09 13:00:00,0.0017342730589654616
2024-06-09 14:00:00,0.0010849694004071836
2024-06-09 15:00:00,0.0009416492914814265
2024-06-09 16:00:00,0.005585329810379177
2024-06-09 17:00:00,0.00502287420942244
2024-06-09 18:00:00,0.0016600556338278057
2024-06-09 19:00:00,0.0014588835203326685
2024-06-09 20:00:00,-0.00029873062263713064
2024-06-09 21:00:00,0.00045344845912215724
2024-06-09 22:00:00,0.0015126222696040285
2024-06-09 23:00:00,0.0029681360564065653
2024-06-10 00:00:00,0.0013799095272770665
2024-06-10 01:00:00,0.004927961987620319
2024-06-10 02:00:00,0.00047090042912797876
2024-06-10 03:00:00,0.0005873958666972022
2024-06-10 04:00:00,-0.002039007252032436
2024-06-10 05:00:00,0.010739773723264984
2024-06-10 06:00:00,0.025555091458030105
2024-06-10 07:00:00,0.03503948083590655
2024-06-10 08:00:00,0.03812187620063806
2024-06-10 09:00:00,0.02998302215553299
2024-06-10 10:00:00,0.021802608119806464
2024-06-10 11:00:00,0.031053130980452256
2024-06-10 12:00:00,0.03525317363534528
2024-06-10 13:00:00,0.037697834183016594
2024-06-10 14:00:00,0.03324606070044995
2024-06-10 15:00:00,0.013274375861168848
2024-06-10 16:00:00,0.010661009698331765
2024-06-10 17:00:00,0.004442905434982672
2024-06-10 18:00:00,3.187648711483041e-05
2024-06-10 19:00:00,0.0001509161282079172
2024-06-10 20:00:00,-0.0005717282575835491
2024-06-10 21:00:00,6.524904629076027e-05
2024-06-10 22:00:00,0.0006943733124623837
2024-06-10 23:00:00,0.0016460678087170555
2024-06-11 00:00:00,0.0017802096466203116
2024-06-11 01:00:00,0.00025519517258089
2024-06-11 02:00:00,0.0021150060033460947
2024-06-11 03:00:00,0.003920145262678366
2024-06-11 04:00:00,0.014503994735008465
2024-06-11 05:00:00,0.036241352154449805
2024-06-11 06:00:00,0.05502795287134639
2024-06-11 07:00:00,0.04981856924707644
2024-06-11 08:00:00,0.040632209624571806
2024-06-11 09:00:00,0.028832519955814748
2024-06-11 10:00:00,0.032864519851717094
2024-06-11 11:00:00,0.05310923024734447
2024-06-11 12:00:00,0.0499164076624353
2024-06-11 13:00:00,0.0348180332835067
2024-06-11 14:00:00,0.01729517837671755
2024-06-11 15:00:00,-0.0021463650565508347
2024-06-11 16:00:00,0.0041743931084689745
2024-06-11 17:00:00,0.0022806158387038587
2024-06-11 18:00:00,-0.00022640232391595705
2024-06-11 19:00:00,-0.000730920071431633
2024-06-11 20:00:00,-0.0011170721281407454
2024-06-11 21:00:00,0.00019248230178160963
2024-06-11 22:00:00,-1.694532533707591e-05
2024-06-11 23:00:00,-0.0006087880459668342
2024-06-12 00:00:00,0.0025845833914388892
2024-06-12 01:00:00,-0.00046419784807880815
2024-06-12 02:00:00,0.0030303510259716616
2024-06-12 03:00:00,0.008474264268074494
2024-06-12 04:00:00,0.0243105380947376
2024-06-12 05:00:00,0.044855904114991144
2024-06-12 06:00:00,0.05623184458364964
2024-06-12 07:00:00,0.044914251303471035
2024-06-12 08:00:00,0.033844262160818116
2024-06-12 09:00:00,0.029946035398314814
2024-06-12 10:00:00,0.03890180085853198
2024-06-12 11:00:00,0.05526260554700808
2024-06-12 12:00:00,0.04603662745631187
2024-06-12 13:00:00,0.024897253400216316
2024-06-12 14:00:00,0.009097394870922638
2024-06-12 15:00:00,-0.003800503554034424
2024-06-12 16:00:00,0.005045676250585559
2024-06-12 17:00:00,0.004445115389879438
2024-06-12 18:00:00,9.525409048787599e-05
2024-06-12 19:00:00,0.0010364675626275512
2024-06-12 20:00:00,-0.002629784737519613
2024-06-12 21:00:00,0.0006549839209502112
2024-06-12 22:00:00,-0.0007943009015914872
2024-06-12 23:00:00,-0.0008032992837625194
2024-06-13 00:00:00,0.002648397307854518
2024-06-13 01:00:00,-0.002247337256246064
2024-06-13 02:00:00,0.0021070613530762374
2024-06-13 03:00:00,0.012541393046593787
2024-06-13 04:00:00,0.03183689937202367
2024-06-13 05:00:00,0.05076086327875867
2024-06-13 06:00:00,0.05754194512908177
2024-06-13 07:00:00,0.042591512595449826
2024-06-13 08:00:00,0.03162650270338384
2024-06-13 09:00:00,0.03259698787136947
2024-06-13 10:00:00,0.04350095116541023
2024-06-13 11:00:00,0.05650776716769406
2024-06-13 12:00:00,0.04253138229757431
2024-06-13 13:00:00,0.019344746345255428
2024-06-13 14:00:00,0.005841859783726449
2024-06-13 15:00:00,-0.0035727828426117356
2024-06-13 16:00:00,0.005763024904577516
2024-06-13 17:00:00,0.004746153631011665
2024-06-13 18:00:00,4.792992398897249e-05
2024-06-13 19:00:00,0.001181624635567373
2024-06-13 20:00:00,-0.0025878360957424205
2024-06-13 21:00:00,0.0021616957972243494
2024-06-13 22:00:00,0.00030460844020931827
2024-06-13 23:00:00,-0.0004647888736713315
2024-06-14 00:00:00,0.0023738278585427068
2024-06-14 01:00:00,-0.002900864086350368
2024-06-14 02:00:00,0.003022193080187547
2024-06-14 03:00:00,0.016052052102056832
2024-06-14 04:00:00,0.03713483238696858
2024-06-14 05:00:00,0.05286372463292844
2024-06-14 06:00:00,0.054359208949627154
2024-06-14 07:00:00,0.03783848956903389
2024-06-14 08:00:00,0.02910893390712283
2024-06-14 09:00:00,0.03444535758373066
2024-06-14 10:00:00,0.04560165478819161
2024-06-14 11:00:00,0.05389175248103396
2024-06-14 12:00:00,0.036964202446143
2024-06-14 13:00:00,0.014223427530623658
2024-06-14 14:00:00,0.0037089203272864598
2024-06-14 15:00:00,-0.0028556848773823047
2024-06-14 16:00:00,0.006716344672607917
2024-06-14 17:00:00,0.004926279414354835
2024-06-14 18:00:00,-0.00030816219319443013
2024-06-14 19:00:00,0.001110188237224534
2024-06-14 20:00:00,-0.002083728312394427
2024-06-14 21:00:00,0.0028967572815224454
2024-06-14 22:00:00,-0.00018035076711198309
2024-06-14 23:00:00,-0.0009901349375674201
2024-06-15 00:00:00,0.0021486597249650895
2024-06-15 01:00:00,0.0026803269233131527
2024-06-15 02:00:00,0.002743297416490989
2024-06-15 03:00:00,0.00438012454981909
2024-06-15 04:00:00,0.002251304071232394
2024-06-15 05:00:00,0.002640590752835561
2024-06-15 06:00:00,0.001424121210235712
2024-06-15 07:00:00,-0.0008577648421643138
2024-06-15 08:00:00,0.00012185345008136888
2024-06-15 09:00:00,0.0017026802249218496
2024-06-15 10:00:00,0.00233168582773045
2024-06-15 11:00:00,0.004030071396218549
2024-06-15 12:00:00,0.003579782860178307
2024-06-15 13:00:00,0.0009890053983250748
2024-06-15 14:00:00,0.0006959253743536504
2024-06-15 15:00:00,-0.00020624286966546896
2024-06-15 16:00:00,0.005172421538924837
2024-06-15 17:00:00,0.004866132740963483
2024-06-15 18:00:00,0.0007594321612496175
2024-06-15 19:00:00,0.0006904278314278352
2024-06-15 20:00:00,-0.0003989879561803453
2024-06-15 21:00:00,0.0002828052379134389
2024-06-15 22:00:00,0.0005256226169020265
2024-06-15 23:00:00,3.430163312229469e-06
2024-06-16 00:00:00,0.002101337142864887
2024-06-16 01:00:00,0.0024508165381857986
2024-06-16 02:00:00,0.0023987924399795947
2024-06-16 03:00:00,0.0039729645991485926
2024-06-16 04:00:00,0.0021796147352119238
2024-06-16 05:00:00,0.0023682848975063557
2024-06-16 06:00:00,0.0014994332616584994
2024-06-16 07:00:00,-0.0001773790952782418
2024-06-16 08:00:00,7.472400821590823e-05
2024-06-16 09:00:00,0.0014957797852340159
2024-06-16 10:00:00,0.002254944866352369
2024-06-16 11:00:00,0.003893855048476785
2024-06-16 12:00:00,0.0035313932105118526
2024-06-16 13:00:00,0.00177304833375997
2024-06-16 14:00:00,0.001151875156836414
2024-06-16 15:00:00,0.001004772095122678
2024-06-16 16:00:00,0.005558023995316094
2024-06-16 17:00:00,0.004948982347914322
2024-06-16 18:00:00,0.0016894880166491088
2024-06-16 19:00:00,0.0014508138927652745
2024-06-16 20:00:00,-0.0003081454800731675
2024-06-16 21:00:00,0.00045475972344652534
2024-06-16 22:00:00,0.00156946562862586
2024-06-16 23:00:00,0.0030769800128487936
2024-06-17 00:00:00,0.002467505643538915
2024-06-17 01:00:00,0.004558257458966636
2024-06-17 02:00:00,-0.0006759978115098119
2024-06-17 03:00:00,0.0006211634033830047
2024-06-17 04:00:00,-0.00024576681726730604
2024-06-17 05:00:00,0.01845162509305024
2024-06-17 06:00:00,0.040459554074282464
2024-06-17 07:00:00,0.05104970032142482
2024-06-17 08:00:00,0.05462506277183418
2024-06-17 09:00:00,0.04076503381795198
2024-06-17 10:00:00,0.03220058805485623
2024-06-17 11:00:00,0.04434159320648461
2024-06-17 12:00:00,0.05008396149778004
2024-06-17 13:00:00,0.05010343613233768
2024-06-17 14:00:00,0.04295969883182044
2024-06-17 15:00:00,0.017044703000315936
2024-06-17 16:00:00,0.00981576736863035
2024-06-17 17:00:00,0.0020862045530179426
2024-06-17 18:00:00,-0.0011101865013698412
2024-06-17 19:00:00,-0.0014332420156170113
2024-06-17 20:00:00,0.0002526697389282473
2024-06-17 21:00:00,0.00029677395069973103
2024-06-17 22:00:00,0.001603560761793354
2024-06-17 23:00:00,0.002025823854556085
2024-06-18 00:00:00,0.0006121551132731847
2024-06-18 01:00:00,0.0015855619697738952
2024-06-18 02:00:00,0.0008284905808523511
2024-06-18 03:00:00,0.003117680498084628
2024-06-18 04:00:00,0.009666822031257346
2024-06-18 05:00:00,0.035674134512045035
2024-06-18 06:00:00,0.06409422511388767
2024-06-18 07:00:00,0.06452502759504357
2024-06-18 08:00:00,0.056850203867292615
2024-06-18 09:00:00,0.03935012682982378
2024-06-18 10:00:00,0.0364519473235282
2024-06-18 11:00:00,0.05999794348897402
2024-06-18 12:00:00,0.060716485164111114
2024-06-18 13:00:00,0.04855195611530719
2024-06-18 14:00:00,0.029855905288310693
2024-06-18 15:00:00,0.002405670301941244
2024-06-18 16:00:00,0.0030681571127315153
2024-06-18 17:00:00,-0.000638339318317062
2024-06-18 18:00:00,-0.0027010773550940636
2024-06-18 19:00:00,-0.0024232609584697736
2024-06-18 20:00:00,-0.0002073214582934306
2024-06-18 21:00:00,0.001196354952489449
2024-06-18 22:00:00,0.0020063653775458617
2024-06-18 23:00:00,0.0001725776818714345
2024-06-19 00:00:00,0.0014273506596686187
2024-06-19 01:00:00,-0.0005596105401045483
2024-06-19 02:00:00,0.0009925813578650503
2024-06-19 03:00:00,0.004842030213227915
2024-06-19 04:00:00,0.01860259197058127
2024-06-19 05:00:00,0.04455760831456643
2024-06-19 06:00:00,0.06420314834208904
2024-06-19 07:00:00,0.05517664932964724
2024-06-19 08:00:00,0.04207779514047531
2024-06-19 09:00:00,0.032278638464593175
2024-06-19 10:00:00,0.039412947347188795
2024-06-19 11:00:00,0.061562299047899186
2024-06-19 12:00:00,0.054814145894170656
2024-06-19 13:00:00,0.034479748345346006
2024-06-19 14:00:00,0.014803671328605404
2024-06-19 15:00:00,-0.0034147739795520275
2024-06-19 16:00:00,0.0034747096257957783
2024-06-19 17:00:00,0.002163804601330156
2024-06-19 18:00:00,-0.0015922611588715155
2024-06-19 19:00:00,-0.00020967562164477042
2024-06-19 20:00:00,-0.0026365651018175995
2024-06-19 21:00:00,0.001093992356567638
2024-06-19 22:00:00,0.0005627507344124279
2024-06-19 23:00:00,-0.0003571135802589752
2024-06-20 00:00:00,0.0019663852471405235
2024-06-20 01:00:00,-0.002339361946081174
2024-06-20 02:00:00,0.0009564865837668052
2024-06-20 03:00:00,0.009647937179315818
2024-06-20 04:00:00,0.028489538952574903
2024-06-20 05:00:00,0.05056707366182243
2024-06-20 06:00:00,0.06170450159367563
2024-06-20 07:00:00,0.04762929790933183
2024-06-20 08:00:00,0.03478638688228277
2024-06-20 09:00:00,0.03244079572183518
2024-06-20 10:00:00,0.04359500660925273
2024-06-20 11:00:00,0.059732829165956965
2024-06-20 12:00:00,0.046845667389369496
2024-06-20 13:00:00,0.02388811152174255
2024-06-20 14:00:00,0.007822129463656359
2024-06-20 15:00:00,-0.00378726692033216
2024-06-20 16:00:00,0.004678107291683116
2024-06-20 17:00:00,0.0034368146857747376
2024-06-20 18:00:00,-0.0011917157061531911
2024-06-20 19:00:00,0.0007668093371694066
2024-06-20 20:00:00,-0.0028603871421563954
2024-06-20 21:00:00,0.0022327680469768694
2024-06-20 22:00:00,0.0007588047229676616
2024-06-20 23:00:00,-0.0006995444664949333
2024-06-21 00:00:00,0.0021361676880740626
2024-06-21 01:00:00,-0.003185181436264436
2024-06-21 02:00:00,0.0019990451331539615
2024-06-21 03:00:00,0.015001887744839541
2024-06-21 04:00:00,0.03616658252127476
2024-06-21 05:00:00,0.05391665596599974
2024-06-21 06:00:00,0.05730476595548439
2024-06-21 07:00:00,0.04056888850920796
2024-06-21 08:00:00,0.03024968115700198
2024-06-21 09:00:00,0.034575790682741775
2024-06-21 10:00:00,0.0467306935901066
2024-06-21 11:00:00,0.05639534677926285
2024-06-21 12:00:00,0.03919756705644882
2024-06-21 13:00:00,0.01574398556965588
2024-06-21 14:00:00,0.004140535247454783
2024-06-21 15:00:00,-0.0028726282003712585
2024-06-21 16:00:00,0.006133825396260661
2024-06-21 17:00:00,0.004050052383586777
2024-06-21 18:00:00,-0.0012557445775439086
2024-06-21 19:00:00,0.001070750158087296
2024-06-21 20:00:00,-0.002377898762261406
2024-06-21 21:00:00,0.0028450343374870402
2024-06-21 22:00:00,0.00010692598932239614
2024-06-21 23:00:00,-0.0011242357875477379
2024-06-22 00:00:00,0.0023977560243499505
2024-06-22 01:00:00,0.0027508668563639184
2024-06-22 02:00:00,0.0029242624874057607
2024-06-22 03:00:00,0.00441623172579172
2024-06-22 04:00:00,0.0024059237741732155
2024-06-22 05:00:00,0.002713845746822397
2024-06-22 06:00:00,0.001475867224961474
2024-06-22 07:00:00,-0.0009031490401260206
2024-06-22 08:00:00,5.1468803263901056e-05
2024-06-22 09:00:00,0.0016608014596758468
2024-06-22 10:00:00,0.0023953900152438074
2024-06-22 11:00:00,0.004043342190783842
2024-06-22 12:00:00,0.003643816593292134
2024-06-22 13:00:00,0.0009852500675300848
2024-06-22 14:00:00,0.0008106128392913523
2024-06-22 15:00:00,-0.0002534358400217652
2024-06-22 16:00:00,0.005303880675402704
2024-06-22 17:00:00,0.0048856432808415595
2024-06-22 18:00:00,0.0008810773712603185
2024-06-22 19:00:00,0.0007173842135644435
2024-06-22 20:00:00,-0.00045432750981622903
2024-06-22 21:00:00,0.00026522482532123355
2024-06-22 22:00:00,0.0004777165044224852
2024-06-22 23:00:00,2.3803450699571433e-05
2024-06-23 00:00:00,0.002501707897251814
2024-06-23 01:00:00,0.002578803858925761
2024-06-23 02:00:00,0.002646452328838681
2024-06-23 03:00:00,0.004023587512944541
2024-06-23 04:00:00,0.002281674130721747
2024-06-23 05:00:00,0.002443868313138657
2024-06-23 06:00:00,0.0015357405678048412
2024-06-23 07:00:00,-0.00015341278340029704
2024-06-23 08:00:00,9.44870513540731e-05
2024-06-23 09:00:00,0.001442475781800786
2024-06-23 10:00:00,0.002400988571781598
2024-06-23 11:00:00,0.003967410383630729
2024-06-23 12:00:00,0.0034870437679800194
2024-06-23 13:00:00,0.0017650992769518473
2024-06-23 14:00:00,0.0012465724460882148
2024-06-23 15:00:00,0.0010827748211497622
2024-06-23 16:00:00,0.005679286684184831
2024-06-23 17:00:00,0.00496222382529018
2024-06-23 18:00:00,0.0018289988872260592
2024-06-23 19:00:00,0.0014980735170417902
2024-06-23 20:00:00,-0.00047979766729172493
2024-06-23 21:00:00,0.00036055218526736605
2024-06-23 22:00:00,0.0016763749452909484
2024-06-23 23:00:00,0.003661807948520247
2024-06-24 00:00:00,0.0027642940847867397
2024-06-24 01:00:00,0.004751969325588361
2024-06-24 02:00:00,-0.00015656248519661564
2024-06-24 03:00:00,0.0014266669008976952
2024-06-24 04:00:00,-0.0008737244482569784
2024-06-24 05:00:00,0.01397300350780437
2024-06-24 06:00:00,0.03464018679141699
2024-06-24 07:00:00,0.04950100569168553
2024-06-24 08:00:00,0.05911844096544742
2024-06-24 09:00:00,0.04849864057992855
2024-06-24 10:00:00,0.03632164399659568
2024-06-24 11:00:00,0.04131152045155834
2024-06-24 12:00:00,0.045822994551699504
2024-06-24 13:00:00,0.05051839915967788
2024-06-24 14:00:00,0.0494947736259748
2024-06-24 15:00:00,0.024439202970132502
2024-06-24 16:00:00,0.012642104953061806
2024-06-24 17:00:00,0.00026721128938078924
2024-06-24 18:00:00,-0.004050312880771106
2024-06-24 19:00:00,-0.00215131396102383
2024-06-24 20:00:00,0.000690395536689803
2024-06-24 21:00:00,0.0009400394826657666
2024-06-24 22:00:00,0.00126299529241402
2024-06-24 23:00:00,0.0023395657529833415
2024-06-25 00:00:00,0.00018553348219838134
2024-06-25 01:00:00,0.0017721594504858152
2024-06-25 02:00:00,0.0007688228474959354
2024-06-25 03:00:00,0.002331048549186244
2024-06-25 04:00:00,0.004945326290186266
2024-06-25 05:00:00,0.028872977364602505
2024-06-25 06:00:00,0.05929340682818256
2024-06-25 07:00:00,0.06726979115734036
2024-06-25 08:00:00,0.06581027203745161
2024-06-25 09:00:00,0.04655603196161187
2024-06-25 10:00:00,0.03646019684473465
2024-06-25 11:00:00,0.05536238947981496
2024-06-25 12:00:00,0.059407441361609005
2024-06-25 13:00:00,0.054448453587542446
2024-06-25 14:00:00,0.04057720611589723
2024-06-25 15:00:00,0.00987618110606486
2024-06-25 16:00:00,0.00367445561647329
2024-06-25 17:00:00,-0.003104010458368213
2024-06-25 18:00:00,-0.004623014384887553
2024-06-25 19:00:00,-0.002798226236016639
2024-06-25 20:00:00,0.0015150554130276685
2024-06-25 21:00:00,0.0019308857260797272
2024-06-25 22:00:00,0.00339254201795315
2024-06-25 23:00:00,0.0020929992557857345
2024-06-26 00:00:00,0.00024402159369435632
2024-06-26 01:00:00,0.0006726229717517205
2024-06-26 02:00:00,0.00035534765344927505
2024-06-26 03:00:00,0.0018889844913346622
2024-06-26 04:00:00,0.008987426698783581
2024-06-26 05:00:00,0.03534129463184587
2024-06-26 06:00:00,0.06252070994110798
2024-06-26 07:00:00,0.06256789858830525
2024-06-26 08:00:00,0.05370886722304593
2024-06-26 09:00:00,0.03694169617335891
2024-06-26 10:00:00,0.03542594079390782
2024-06-26 11:00:00,0.05884190613739619
2024-06-26 12:00:00,0.05912496434760168
2024-06-26 13:00:00,0.0464753096372695
2024-06-26 14:00:00,0.02732067994476366
2024-06-26 15:00:00,0.0018336168637051273
2024-06-26 16:00:00,0.002697708848435391
2024-06-26 17:00:00,0.00027199247811489775
2024-06-26 18:00:00,-0.002181215613291213
2024-06-26 19:00:00,-0.0016206371941389587
2024-06-26 20:00:00,-0.000975843342612283
2024-06-26 21:00:00,0.0012314498296573057
2024-06-26 22:00:00,0.003381147480408144
2024-06-26 23:00:00,0.0013875885293236359
2024-06-27 00:00:00,0.0009928453094432063
2024-06-27 01:00:00,-0.0017100215250321251
2024-06-27 02:00:00,-0.0008497834798230027
2024-06-27 03:00:00,0.0038742947542660827
2024-06-27 04:00:00,0.017916110312487302
2024-06-27 05:00:00,0.04380546570492544
2024-06-27 06:00:00,0.0635345188918613
2024-06-27 07:00:00,0.05554368926245604
2024-06-27 08:00:00,0.043217258984640565
2024-06-27 09:00:00,0.03281927459289175
2024-06-27 10:00:00,0.039458806673615066
2024-06-27 11:00:00,0.059958708237174835
2024-06-27 12:00:00,0.05372349491880892
2024-06-27 13:00:00,0.03529218051285438
2024-06-27 14:00:00,0.016395587040993875
2024-06-27 15:00:00,-0.0019762165636873726
2024-06-27 16:00:00,0.0034572578010244655
2024-06-27 17:00:00,0.002050413279784954
2024-06-27 18:00:00,-0.00196404183353942
2024-06-27 19:00:00,-0.00025157598781802153
2024-06-27 20:00:00,-0.001664731113076803
2024-06-27 21:00:00,0.002102739793264528
2024-06-27 22:00:00,0.002832309757610392
2024-06-27 23:00:00,0.0006044108679894765
2024-06-28 00:00:00,0.0013759191186612993
2024-06-28 01:00:00,-0.00286941093461955
2024-06-28 02:00:00,0.00019091790954163095
2024-06-28 03:00:00,0.008336771420536756
2024-06-28 04:00:00,0.027211281711180747
2024-06-28 05:00:00,0.04884160587795209
2024-06-28 06:00:00,0.05947106896109017
2024-06-28 07:00:00,0.04606505202179642
2024-06-28 08:00:00,0.034234252247836786
2024-06-28 09:00:00,0.03204935318373359
2024-06-28 10:00:00,0.04266401887933537
2024-06-28 11:00:00,0.05715326752541186
2024-06-28 12:00:00,0.04504784775548059
2024-06-28 13:00:00,0.02409758721458072
2024-06-28 14:00:00,0.00859318140722504
2024-06-28 15:00:00,-0.0030797851474006037
2024-06-28 16:00:00,0.004712669287656038
2024-06-28 17:00:00,0.0031308236693650044
2024-06-28 18:00:00,-0.001413405778544285
2024-06-28 19:00:00,0.00068157780943107
2024-06-28 20:00:00,-0.0018002168824683377
2024-06-28 21:00:00,0.002851722690594859
2024-06-28 22:00:00,0.0012803645533535405
2024-06-28 23:00:00,-0.000531494210493884
2024-06-29 00:00:00,0.0023980087939055135
2024-06-29 01:00:00,0.00269749149974258
2024-06-29 02:00:00,0.002781289313350751
2024-06-29 03:00:00,0.00431092438906017
2024-06-29 04:00:00,0.002289071346288636
2024-06-29 05:00:00,0.002617047407821113
2024-06-29 06:00:00,0.0013836505344445
2024-06-29 07:00:00,-0.0011010971690505898
2024-06-29 08:00:00,-9.07477880171e-05
2024-06-29 09:00:00,0.00155113388614636
2024-06-29 10:00:00,0.0023041426855052336
2024-06-29 11:00:00,0.0039390501395251964
2024-06-29 12:00:00,0.003567434634674399
2024-06-29 13:00:00,0.0009627356322363235
2024-06-29 14:00:00,0.0008030434777078338
2024-06-29 15:00:00,-0.0002742718975634624
2024-06-29 16:00:00,0.005286766684564904
2024-06-29 17:00:00,0.004892048780802427
2024-06-29 18:00:00,0.0008355410499079806
2024-06-29 19:00:00,0.0007476960675304782
2024-06-29 20:00:00,-0.00041320892165440956
2024-06-29 21:00:00,0.0002728670360018114
2024-06-29 22:00:00,0.000509019372874699
2024-06-29 23:00:00,-2.9885102266111784e-05
2024-06-30 00:00:00,0.002420294366844876
2024-06-30 01:00:00,0.00254728694864673
2024-06-30 02:00:00,0.002544194562765906
2024-06-30 03:00:00,0.0039728862537929685
2024-06-30 04:00:00,0.0022229629946447023
2024-06-30 05:00:00,0.0023303435607157077
2024-06-30 06:00:00,0.0014540179790262407
2024-06-30 07:00:00,-0.0002994446609836704
2024-06-30 08:00:00,-3.35880923596103e-05
2024-06-30 09:00:00,0.0014174280001905556
2024-06-30 10:00:00,0.0023036081109103607
2024-06-30 11:00:00,0.0038783166452928046
2024-06-30 12:00:00,0.0034569420510350115
2024-06-30 13:00:00,0.0017248498910093265
2024-06-30 14:00:00,0.0012240590353518456
2024-06-30 15:00:00,0.001006579135035862
2024-06-30 16:00:00,0.005667251536608962
2024-06-30 17:00:00,0.004989461215672124
2024-06-30 18:00:00,0.0017946200491589003
2024-06-30 19:00:00,0.001510253145211095
2024-06-30 20:00:00,-0.0003925873816853223
2024-06-30 21:00:00,0.00042192202569825025
2024-06-30 22:00:00,0.0016437923275809411
2024-06-30 23:00:00,0.003352693091121852
2024-07-01 00:00:00,0.002014983474285526
2024-07-01 01:00:00,0.0043060643736229755
2024-07-01 02:00:00,-0.0009206075190923937
2024-07-01 03:00:00,0.0006316765634685424
2024-07-01 04:00:00,-0.0006956392855864212
2024-07-01 05:00:00,0.015387396892869765
2024-07-01 06:00:00,0.03564302836320797
2024-07-01 07:00:00,0.04688477834977939
2024-07-01 08:00:00,0.05188243592531684
2024-07-01 09:00:00,0.03998393148742669
2024-07-01 10:00:00,0.030612711366294714
2024-07-01 11:00:00,0.039795735731688715
2024-07-01 12:00:00,0.04449537275209969
2024-07-01 13:00:00,0.04673187995130375
2024-07-01 14:00:00,0.04206558350838256
2024-07-01 15:00:00,0.017497484403620114
2024-07-01 16:00:00,0.00995456937396571
2024-07-01 17:00:00,0.000991472565770099
2024-07-01 18:00:00,-0.0024204264843871058
2024-07-01 19:00:00,-0.001473717717961763
2024-07-01 20:00:00,0.00013405508306272573
2024-07-01 21:00:00,0.0003718015387868459
2024-07-01 22:00:00,0.0013394870528952644
2024-07-01 23:00:00,0.0021378953286731
2024-07-02 00:00:00,0.0009910194459666238
2024-07-02 01:00:00,0.0007815006138851001
2024-07-02 02:00:00,0.0008730544205174957
2024-07-02 03:00:00,0.0026511986231548663
2024-07-02 04:00:00,0.010953545787260465
2024-07-02 05:00:00,0.03590569882176124
2024-07-02 06:00:00,0.061991952247148825
2024-07-02 07:00:00,0.06022057851348335
2024-07-02 08:00:00,0.05095186597965122
2024-07-02 09:00:00,0.035027146953770634
2024-07-02 10:00:00,0.03512022235824033
2024-07-02 11:00:00,0.05874101714335961
2024-07-02 12:00:00,0.05806763759736949
2024-07-02 13:00:00,0.044128271661325366
2024-07-02 14:00:00,0.025205226710149083
2024-07-02 15:00:00,0.00014679396265496457
2024-07-02 16:00:00,0.0028960070280586703
2024-07-02 17:00:00,0.0002673873461999416
2024-07-02 18:00:00,-0.001660830505923988
2024-07-02 19:00:00,-0.001545093084633174
2024-07-02 20:00:00,-0.0006559772126704836
2024-07-02 21:00:00,0.0005658688437299348
2024-07-02 22:00:00,0.0013932760121511225
2024-07-02 23:00:00,0.0003581628835589782
2024-07-03 00:00:00,0.0018928905099027556
2024-07-03 01:00:00,-0.0005764044337026046
2024-07-03 02:00:00,0.0015026941093910409
2024-07-03 03:00:00,0.004604734159232764
2024-07-03 04:00:00,0.017674885875335715
2024-07-03 05:00:00,0.042471045008217835
2024-07-03 06:00:00,0.06191089020926897
2024-07-03 07:00:00,0.053569961860246346
2024-07-03 08:00:00,0.04139612439470693
2024-07-03 09:00:00,0.03127224884216086
2024-07-03 10:00:00,0.03825295435541678
2024-07-03 11:00:00,0.05960677254223134
2024-07-03 12:00:00,0.053707491555392915
2024-07-03 13:00:00,0.03398804102975924
2024-07-03 14:00:00,0.014957859354850275
2024-07-03 15:00:00,-0.0029783401234238375
2024-07-03 16:00:00,0.0036024492332012263
2024-07-03 17:00:00,0.002600175727891484
2024-07-03 18:00:00,-0.0010226598921063265
2024-07-03 19:00:00,8.714195490008901e-05
2024-07-03 20:00:00,-0.002665575811895155
2024-07-03 21:00:00,0.000599237470513061
2024-07-03 22:00:00,0.0004175789190906181
2024-07-03 23:00:00,2.19116156758724e-06
2024-07-04 00:00:00,0.0019395056271081232
2024-07-04 01:00:00,-0.0016397563061064278
2024-07-04 02:00:00,0.0004368774577998151
2024-07-04 03:00:00,0.005403576498251153
2024-07-04 04:00:00,0.020247303807229073
2024-07-04 05:00:00,0.04409552020660065
2024-07-04 06:00:00,0.06067757731906164
2024-07-04 07:00:00,0.05129001081221159
2024-07-04 08:00:00,0.03929576443579602
2024-07-04 09:00:00,0.031368566158222214
2024-07-04 10:00:00,0.039237513488695606
2024-07-04 11:00:00,0.058207884375368925
2024-07-04 12:00:00,0.050853328644554885
2024-07-04 13:00:00,0.03135817164113941
2024-07-04 14:00:00,0.01337207024339195
2024-07-04 15:00:00,-0.002315771882443152
2024-07-04 16:00:00,0.004108901229025462
2024-07-04 17:00:00,0.0032955082420867
2024-07-04 18:00:00,-0.0008159217858082812
2024-07-04 19:00:00,0.00027635447779017757
2024-07-04 20:00:00,-0.0023221821200649128
2024-07-04 21:00:00,0.0017633536242102328
2024-07-04 22:00:00,0.0018195948750538487
2024-07-04 23:00:00,0.00031086076450124913
2024-07-05 00:00:00,0.0014176159025327457
2024-07-05 01:00:00,-0.002342145787054741
2024-07-05 02:00:00,0.0002536677955893613
2024-07-05 03:00:00,0.007662401881179999
2024-07-05 04:00:00,0.024992237248250997
2024-07-05 05:00:00,0.04681328377326028
2024-07-05 06:00:00,0.05862040927156045
2024-07-05 07:00:00,0.04690712502328884
2024-07-05 08:00:00,0.03593571027514647
2024-07-05 09:00:00,0.03241974791647488
2024-07-05 10:00:00,0.04163985463546697
2024-07-05 11:00:00,0.05660999928946058
2024-07-05 12:00:00,0.04611072516552464
2024-07-05 13:00:00,0.02633509315761082
2024-07-05 14:00:00,0.010478814904891692
2024-07-05 15:00:00,-0.001978349878496127
2024-07-05 16:00:00,0.004815613603270329
2024-07-05 17:00:00,0.003290530734639689
2024-07-05 18:00:00,-0.0011922560950360056
2024-07-05 19:00:00,0.0003339877402446269
2024-07-05 20:00:00,-0.0017291941639525528
2024-07-05 21:00:00,0.002564025292264424
2024-07-05 22:00:00,0.0020022272838448037
2024-07-05 23:00:00,-0.0002153029226786348
2024-07-06 00:00:00,0.00232805555426336
2024-07-06 01:00:00,0.0026944336882040202
2024-07-06 02:00:00,0.002807998954642007
2024-07-06 03:00:00,0.004357877559329218
2024-07-06 04:00:00,0.0022759566839924564
2024-07-06 05:00:00,0.0026532613155062436
2024-07-06 06:00:00,0.0014356707445320222
2024-07-06 07:00:00,-0.0009668342963084184
2024-07-06 08:00:00,6.299622650478568e-05
2024-07-06 09:00:00,0.001644371402523364
2024-07-06 10:00:00,0.0023524906224620546
2024-07-06 11:00:00,0.0039562173533722374
2024-07-06 12:00:00,0.0036282088092184296
2024-07-06 13:00:00,0.001000815593843853
2024-07-06 14:00:00,0.0007925677192371423
2024-07-06 15:00:00,-0.0002234843395770291
2024-07-06 16:00:00,0.0052305062097997915
2024-07-06 17:00:00,0.00483831882341111
2024-07-06 18:00:00,0.0007882754318694391
2024-07-06 19:00:00,0.0006960969329900656
2024-07-06 20:00:00,-0.0004369380169986327
2024-07-06 21:00:00,0.00026685726069818457
2024-07-06 22:00:00,0.0004965952700694182
2024-07-06 23:00:00,3.5788659219753245e-05
2024-07-07 00:00:00,0.0024558078074125044
2024-07-07 01:00:00,0.0025851750215164643
2024-07-07 02:00:00,0.002575802825908499
2024-07-07 03:00:00,0.004027638223814214
2024-07-07 04:00:00,0.002210548130106446
2024-07-07 05:00:00,0.0023900231561221298
2024-07-07 06:00:00,0.001484135654141918
2024-07-07 07:00:00,-0.00017998236684547332
2024-07-07 08:00:00,8.496040099315494e-05
2024-07-07 09:00:00,0.0014610073162298293
2024-07-07 10:00:00,0.0023987640767383148
2024-07-07 11:00:00,0.003885692457938079
2024-07-07 12:00:00,0.00351017980861083
2024-07-07 13:00:00,0.0017992766856766023
2024-07-07 14:00:00,0.0012557497443631417
2024-07-07 15:00:00,0.00114097038981689
2024-07-07 16:00:00,0.005655756241030985
2024-07-07 17:00:00,0.004986523383590428
2024-07-07 18:00:00,0.0018027348227686853
2024-07-07 19:00:00,0.0015042618221824777
2024-07-07 20:00:00,-0.00042478554736658295
2024-07-07 21:00:00,0.00039337152788731535
2024-07-07 22:00:00,0.0017019642883544452
2024-07-07 23:00:00,0.0036308418350553366
2024-07-08 00:00:00,0.002291861792809648
2024-07-08 01:00:00,0.0035126905690024616
2024-07-08 02:00:00,-0.0012774670719596292
2024-07-08 03:00:00,0.0004075318966603338
2024-07-08 04:00:00,0.00024518504915849426
2024-07-08 05:00:00,0.017755252345293022
2024-07-08 06:00:00,0.03909577500851068
2024-07-08 07:00:00,0.050355261246639194
2024-07-08 08:00:00,0.05688885197638102
2024-07-08 09:00:00,0.044659094370098185
2024-07-08 10:00:00,0.03538128813490463
2024-07-08 11:00:00,0.044703951516079005
2024-07-08 12:00:00,0.049205443139170885
2024-07-08 13:00:00,0.05072908906607926
2024-07-08 14:00:00,0.04632184458135628
2024-07-08 15:00:00,0.021000345836231143
2024-07-08 16:00:00,0.011367399023268412
2024-07-08 17:00:00,0.001563268797106867
2024-07-08 18:00:00,-0.002929575403732313
2024-07-08 19:00:00,-0.0019190202921639807
2024-07-08 20:00:00,0.0008931724425672086
2024-07-08 21:00:00,0.0009681795538191954
2024-07-08 22:00:00,0.002050211413399077
2024-07-08 23:00:00,0.002875442006449206
2024-07-09 00:00:00,0.0003793150542214792
2024-07-09 01:00:00,0.002020910965739239
2024-07-09 02:00:00,0.0009376128956984182
2024-07-09 03:00:00,0.0023971550778151833
2024-07-09 04:00:00,0.00407589983867071
2024-07-09 05:00:00,0.027089736689776305
2024-07-09 06:00:00,0.05716813841701243
2024-07-09 07:00:00,0.06589267148139172
2024-07-09 08:00:00,0.06557535823855203
2024-07-09 09:00:00,0.04652540229987585
2024-07-09 10:00:00,0.035957596513699015
2024-07-09 11:00:00,0.053857640330053615
2024-07-09 12:00:00,0.05872832955762841
2024-07-09 13:00:00,0.05476855288694761
2024-07-09 14:00:00,0.04151094431233012
2024-07-09 15:00:00,0.011389981799693848
2024-07-09 16:00:00,0.004625409564566623
2024-07-09 17:00:00,-0.002383199669962122
2024-07-09 18:00:00,-0.004185359251158502
2024-07-09 19:00:00,-0.002765790670507957
2024-07-09 20:00:00,0.0011872482528726377
2024-07-09 21:00:00,0.0017493481011011574
2024-07-09 22:00:00,0.003401053247071943
2024-07-09 23:00:00,0.001875344114040426
2024-07-10 00:00:00,0.0004841844648342075
2024-07-10 01:00:00,0.0016272691789670207
2024-07-10 02:00:00,0.0011647948827158562
2024-07-10 03:00:00,0.0015329669680878733
2024-07-10 04:00:00,0.0054354073752857154
2024-07-10 05:00:00,0.028997268469083026
2024-07-10 06:00:00,0.056655578894809766
2024-07-10 07:00:00,0.06091019690787864
2024-07-10 08:00:00,0.05538279788691957
2024-07-10 09:00:00,0.038016721605056925
2024-07-10 10:00:00,0.032261281992378876
2024-07-10 11:00:00,0.053605278123524704
2024-07-10 12:00:00,0.05725399544096137
2024-07-10 13:00:00,0.049066152521448365
2024-07-10 14:00:00,0.03199059704218931
2024-07-10 15:00:00,0.005319090082639575
2024-07-10 16:00:00,0.003643225492671563
2024-07-10 17:00:00,3.7187532890274444e-05
2024-07-10 18:00:00,-0.0017920270835627599
2024-07-10 19:00:00,-0.00183090360242341
2024-07-10 20:00:00,-0.0009153604865626884
2024-07-10 21:00:00,0.000979195754837658
2024-07-10 22:00:00,0.002790456282380372
2024-07-10 23:00:00,0.0014723845149143065
2024-07-11 00:00:00,0.0007593033671288719
2024-07-11 01:00:00,0.0008322760407624421
2024-07-11 02:00:00,0.0003499388503933002
2024-07-11 03:00:00,0.0008793958784147648
2024-07-11 04:00:00,0.0069132621320504946
2024-07-11 05:00:00,0.03017828765601908
2024-07-11 06:00:00,0.055669993261804454
2024-07-11 07:00:00,0.057901405799148965
2024-07-11 08:00:00,0.05073231583365185
2024-07-11 09:00:00,0.03457637780592325
2024-07-11 10:00:00,0.0314059118583882
2024-07-11 11:00:00,0.0526933116240002
2024-07-11 12:00:00,0.055163064106861996
2024-07-11 13:00:00,0.04626059358436097
2024-07-11 14:00:00,0.028496322182772725
2024-07-11 15:00:00,0.004132782235280481
2024-07-11 16:00:00,0.0040819359835134825
2024-07-11 17:00:00,0.0015828941039294437
2024-07-11 18:00:00,-0.0007249056545364422
2024-07-11 19:00:00,-0.0012479524346658887
2024-07-11 20:00:00,-0.0010274991702231512
2024-07-11 21:00:00,0.0010759290540215316
2024-07-11 22:00:00,0.003195968166776063
2024-07-11 23:00:00,0.0013949228630717185
2024-07-12 00:00:00,0.0008594873057947159
2024-07-12 01:00:00,-0.0009250546491358093
2024-07-12 02:00:00,-0.0007690871371026516
2024-07-12 03:00:00,0.0018636137558940686
2024-07-12 04:00:00,0.012952274912527003
2024-07-12 05:00:00,0.037439116265596165
2024-07-12 06:00:00,0.058485750416287535
2024-07-12 07:00:00,0.054443663964530556
2024-07-12 08:00:00,0.04461816615890347
2024-07-12 09:00:00,0.032680998759801
2024-07-12 10:00:00,0.03539087209873254
2024-07-12 11:00:00,0.05481788690717538
2024-07-12 12:00:00,0.05207385094324278
2024-07-12 13:00:00,0.039136886758265856
2024-07-12 14:00:00,0.02113783521229659
2024-07-12 15:00:00,0.001387759855058166
2024-07-12 16:00:00,0.0038515088947682365
2024-07-12 17:00:00,0.0015502835455186825
2024-07-12 18:00:00,-0.001976947584493227
2024-07-12 19:00:00,-0.0007525854066002814
2024-07-12 20:00:00,-0.0007476515163896503
2024-07-12 21:00:00,0.0019971021789118703
2024-07-12 22:00:00,0.0033464706805857434
2024-07-12 23:00:00,0.0007960546060944022
2024-07-13 00:00:00,0.0026406862242080074
2024-07-13 01:00:00,0.002780813631094827
2024-07-13 02:00:00,0.0029932664650048793
2024-07-13 03:00:00,0.004339065886339096
2024-07-13 04:00:00,0.002376547428853408
2024-07-13 05:00:00,0.002790037265869578
2024-07-13 06:00:00,0.001573160379237538
2024-07-13 07:00:00,-0.0009298752592935206
2024-07-13 08:00:00,0.00011618407845390781
2024-07-13 09:00:00,0.0016609331948771293
2024-07-13 10:00:00,0.0023834987920511217
2024-07-13 11:00:00,0.00394067424800816
2024-07-13 12:00:00,0.003724749908978558
2024-07-13 13:00:00,0.0009948281881719593
2024-07-13 14:00:00,0.00086638675456603
2024-07-13 15:00:00,-0.00030504922559519655
2024-07-13 16:00:00,0.005293100312025173
2024-07-13 17:00:00,0.004837897444139823
2024-07-13 18:00:00,0.0007896875782895062
2024-07-13 19:00:00,0.0006574780853607989
2024-07-13 20:00:00,-0.0005427981731679293
2024-07-13 21:00:00,0.0003256906281859133
2024-07-13 22:00:00,0.0005073815595932566
2024-07-13 23:00:00,-3.80138367344817e-06
2024-07-14 00:00:00,0.002992878283312931
2024-07-14 01:00:00,0.002773164671614372
2024-07-14 02:00:00,0.0028607518592149773
2024-07-14 03:00:00,0.0041557546756019244
2024-07-14 04:00:00,0.0023553907700221764
2024-07-14 05:00:00,0.002499774724832128
2024-07-14 06:00:00,0.0015371519058732935
2024-07-14 07:00:00,-7.816319496880857e-05
2024-07-14 08:00:00,0.00016505314950786745
2024-07-14 09:00:00,0.0014919673164631145
2024-07-14 10:00:00,0.0025079864795997534
2024-07-14 11:00:00,0.003951075300801238
2024-07-14 12:00:00,0.0034334815479808043
2024-07-14 13:00:00,0.0017568373193195465
2024-07-14 14:00:00,0.0013564051060716484
2024-07-14 15:00:00,0.0012710972342517045
2024-07-14 16:00:00,0.005758301463262401
2024-07-14 17:00:00,0.004945249533883693
2024-07-14 18:00:00,0.001958045500287783
2024-07-14 19:00:00,0.001515230152553517
2024-07-14 20:00:00,-0.0006107793763000074
2024-07-14 21:00:00,0.00042772927419144126
2024-07-14 22:00:00,0.00194094631282218
2024-07-14 23:00:00,0.004453141207239612
2024-07-15 00:00:00,0.0027372995826848807
2024-07-15 01:00:00,0.003949053082177887
2024-07-15 02:00:00,-0.0004299904526668024
2024-07-15 03:00:00,0.0012076271274697186
2024-07-15 04:00:00,-0.0005285287360645845
2024-07-15 05:00:00,0.012392907744526784
2024-07-15 06:00:00,0.031531011842687445
2024-07-15 07:00:00,0.046509077256304335
2024-07-15 08:00:00,0.058268749008404994
2024-07-15 09:00:00,0.05019167991224418
2024-07-15 10:00:00,0.03817022365199278
2024-07-15 11:00:00,0.04080985399096881
2024-07-15 12:00:00,0.04389592586184685
2024-07-15 13:00:00,0.049635701587794685
2024-07-15 14:00:00,0.050883758728581474
2024-07-15 15:00:00,0.02753675136766128
2024-07-15 16:00:00,0.01503725070741875
2024-07-15 17:00:00,0.0012843983310765472
2024-07-15 18:00:00,-0.0043721482707492106
2024-07-15 19:00:00,-0.001870029815024862
2024-07-15 20:00:00,0.0011568608639962927
2024-07-15 21:00:00,0.0013529656834249644
2024-07-15 22:00:00,0.0013194155938538526
2024-07-15 23:00:00,0.002964259420946139
2024-07-16 00:00:00,0.0005105735198500808
2024-07-16 01:00:00,0.0025537652576351224
2024-07-16 02:00:00,0.0005217754015500525
2024-07-16 03:00:00,0.0019120199362701535
2024-07-16 04:00:00,0.0007813159809701139
2024-07-16 05:00:00,0.020494746886805682
2024-07-16 06:00:00,0.05005240228645138
2024-07-16 07:00:00,0.06411206904318505
2024-07-16 08:00:00,0.06963250098420255
2024-07-16 09:00:00,0.0520414925565264
2024-07-16 10:00:00,0.037060714331918425
2024-07-16 11:00:00,0.04889662014745407
2024-07-16 12:00:00,0.055338346853174125
2024-07-16 13:00:00,0.05684201207827283
2024-07-16 14:00:00,0.049508920209859426
2024-07-16 15:00:00,0.018711451722720585
2024-07-16 16:00:00,0.006824384003882475
2024-07-16 17:00:00,-0.0038446640092453218
2024-07-16 18:00:00,-0.006045967248405139
2024-07-16 19:00:00,-0.0027162024754671292
2024-07-16 20:00:00,0.001953772413455348
2024-07-16 21:00:00,0.0022396468000191474
2024-07-16 22:00:00,0.0034737908532278088
2024-07-16 23:00:00,0.0026277004688770654
2024-07-17 00:00:00,6.468775980155323e-05
2024-07-17 01:00:00,0.001761799636375314
2024-07-17 02:00:00,2.1739639608769495e-05
2024-07-17 03:00:00,0.0013552563538071869
2024-07-17 04:00:00,0.0015296094009652822
2024-07-17 05:00:00,0.022421000103003214
2024-07-17 06:00:00,0.050097565813714245
2024-07-17 07:00:00,0.06064484561412375
2024-07-17 08:00:00,0.06163305619581126
2024-07-17 09:00:00,0.04471873307565773
2024-07-17 10:00:00,0.033424396547552006
2024-07-17 11:00:00,0.04905705468722674
2024-07-17 12:00:00,0.054958626186797296
2024-07-17 13:00:00,0.052614172951306215
2024-07-17 14:00:00,0.04178725063835012
2024-07-17 15:00:00,0.01330826858827023
2024-07-17 16:00:00,0.005663918901898964
2024-07-17 17:00:00,-0.0014259367989671728
2024-07-17 18:00:00,-0.003831937453941874
2024-07-17 19:00:00,-0.0021203074070477316
2024-07-17 20:00:00,-0.0001397063103822195
2024-07-17 21:00:00,0.0015561948913189849
2024-07-17 22:00:00,0.004005920982906185
2024-07-17 23:00:00,0.0027958966648221916
2024-07-18 00:00:00,0.00024284353409781696
2024-07-18 01:00:00,0.0007349570722530832
2024-07-18 02:00:00,-0.0009353697357941122
2024-07-18 03:00:00,0.0007828306017615377
2024-07-18 04:00:00,0.0030713615090656897
2024-07-18 05:00:00,0.02382955956774986
2024-07-18 06:00:00,0.049087279179658494
2024-07-18 07:00:00,0.057457710431140036
2024-07-18 08:00:00,0.05663573000846935
2024-07-18 09:00:00,0.041149717250343734
2024-07-18 10:00:00,0.03249023877869423
2024-07-18 11:00:00,0.048338200237905755
2024-07-18 12:00:00,0.05304830165078281
2024-07-18 13:00:00,0.049839082924351394
2024-07-18 14:00:00,0.03818750054457127
2024-07-18 15:00:00,0.012053367392016295
2024-07-18 16:00:00,0.006069772124673375
2024-07-18 17:00:00,0.00010163818137668797
2024-07-18 18:00:00,-0.002628809269320157
2024-07-18 19:00:00,-0.0017692506977548584
2024-07-18 20:00:00,-0.0003200928200818463
2024-07-18 21:00:00,0.0016291434375327314
2024-07-18 22:00:00,0.004792616132713952
2024-07-18 23:00:00,0.0029088411356551326
2024-07-19 00:00:00,0.0003677594231499213
2024-07-19 01:00:00,0.0002153550288008798
2024-07-19 02:00:00,-0.0009156476605531077
2024-07-19 03:00:00,0.0004409213327068248
2024-07-19 04:00:00,0.005715689552169573
2024-07-19 05:00:00,0.027090098724014734
2024-07-19 06:00:00,0.05073904582789773
2024-07-19 07:00:00,0.055012843813967774
2024-07-19 08:00:00,0.050763027255027696
2024-07-19 09:00:00,0.036379838984190525
2024-07-19 10:00:00,0.031235149299837492
2024-07-19 11:00:00,0.048713931340064874
2024-07-19 12:00:00,0.05168786996269369
2024-07-19 13:00:00,0.0462076615332964
2024-07-19 14:00:00,0.03185963952424879
2024-07-19 15:00:00,0.007627668423057765
2024-07-19 16:00:00,0.00500721693252622
2024-07-19 17:00:00,0.0005498195853042721
2024-07-19 18:00:00,-0.001922653197622437
2024-07-19 19:00:00,-0.001556815851512386
2024-07-19 20:00:00,-0.00028115969291330633
2024-07-19 21:00:00,0.0017320051815557596
2024-07-19 22:00:00,0.0041795042228333235
2024-07-19 23:00:00,0.0019976975816187368
2024-07-20 00:00:00,0.002402328318617755
2024-07-20 01:00:00,0.0025174794678398432
2024-07-20 02:00:00,0.00290016166293793
2024-07-20 03:00:00,0.00418928757232989
2024-07-20 04:00:00,0.0024209194258895833
2024-07-20 05:00:00,0.002802279668930283
2024-07-20 06:00:00,0.00167863634087172
2024-07-20 07:00:00,-0.0009300755983729215
2024-07-20 08:00:00,0.00016179506834627594
2024-07-20 09:00:00,0.0016229857689042892
2024-07-20 10:00:00,0.002366152439775654
2024-07-20 11:00:00,0.003982994861452411
2024-07-20 12:00:00,0.003816346896850445
2024-07-20 13:00:00,0.001107576404320682
2024-07-20 14:00:00,0.0009581643903999128
2024-07-20 15:00:00,-0.0003762402428642508
2024-07-20 16:00:00,0.005381200831179782
2024-07-20 17:00:00,0.004802221493294062
2024-07-20 18:00:00,0.0008680144571702744
2024-07-20 19:00:00,0.0007795413854986353
2024-07-20 20:00:00,-0.0004362876721294519
2024-07-20 21:00:00,0.00038190536103897284
2024-07-20 22:00:00,0.0004295842585073631
2024-07-20 23:00:00,0.00016514720159466344
2024-07-21 00:00:00,0.0028370676049222256
2024-07-21 01:00:00,0.002546050013619491
2024-07-21 02:00:00,0.002748268713811438
2024-07-21 03:00:00,0.003927373383287427
2024-07-21 04:00:00,0.0022143471927850308
2024-07-21 05:00:00,0.002482806039836423
2024-07-21 06:00:00,0.0015676948685580882
2024-07-21 07:00:00,-0.000190672422463336
2024-07-21 08:00:00,0.00017371542555152857
2024-07-21 09:00:00,0.0014480017056993188
2024-07-21 10:00:00,0.0025941009611515956
2024-07-21 11:00:00,0.0039858899458627105
2024-07-21 12:00:00,0.0033919271589884182
2024-07-21 13:00:00,0.0018034962682312867
2024-07-21 14:00:00,0.001277624564061087
2024-07-21 15:00:00,0.0012092100388522667
2024-07-21 16:00:00,0.005662285338664134
2024-07-21 17:00:00,0.00487878304851563
2024-07-21 18:00:00,0.001870785628896568
2024-07-21 19:00:00,0.0015790885467642881
2024-07-21 20:00:00,-0.0006474236103749895
2024-07-21 21:00:00,0.00036596103777849327
2024-07-21 22:00:00,0.0019923468643088414
2024-07-21 23:00:00,0.004686939194361608
2024-07-22 00:00:00,0.0025703231673770456
2024-07-22 01:00:00,0.00339434213426418
2024-07-22 02:00:00,-0.0008508310740646065
2024-07-22 03:00:00,0.001035738759446011
2024-07-22 04:00:00,-0.0003848191715627337
2024-07-22 05:00:00,0.012747045151999863
2024-07-22 06:00:00,0.03191173808672188
2024-07-22 07:00:00,0.04614174974061215
2024-07-22 08:00:00,0.058144638386618465
2024-07-22 09:00:00,0.05020054546876221
2024-07-22 10:00:00,0.03907990087950834
2024-07-22 11:00:00,0.04148815597675074
2024-07-22 12:00:00,0.044291271652454986
2024-07-22 13:00:00,0.04969072795632614
2024-07-22 14:00:00,0.05109272792426796
2024-07-22 15:00:00,0.027854488864122146
2024-07-22 16:00:00,0.015493790503537006
2024-07-22 17:00:00,0.0018325649583039877
2024-07-22 18:00:00,-0.004201363699798054
2024-07-22 19:00:00,-0.0018656536731137211
2024-07-22 20:00:00,0.0011239131040246
2024-07-22 21:00:00,0.0011973979530234477
2024-07-22 22:00:00,0.0011727310102849042
2024-07-22 23:00:00,0.002949067357622072
2024-07-23 00:00:00,0.0006605961673730303
2024-07-23 01:00:00,0.0031707912923413036
2024-07-23 02:00:00,0.0011354302483466035
2024-07-23 03:00:00,0.002540708947957891
2024-07-23 04:00:00,-0.0007131127230122815
2024-07-23 05:00:00,0.01468885485901075
2024-07-23 06:00:00,0.04192026317689106
2024-07-23 07:00:00,0.0592660550789107
2024-07-23 08:00:00,0.06842459567166684
2024-07-23 09:00:00,0.05331273145556528
2024-07-23 10:00:00,0.03586625705144559
2024-07-23 11:00:00,0.04295408964698337
2024-07-23 12:00:00,0.050437233186530116
2024-07-23 13:00:00,0.05532404570352029
2024-07-23 14:00:00,0.051939694131669316
2024-07-23 15:00:00,0.022441101014572643
2024-07-23 16:00:00,0.008893390570149746
2024-07-23 17:00:00,-0.003784614867192693
2024-07-23 18:00:00,-0.006101510914971361
2024-07-23 19:00:00,-0.002195767174973827
2024-07-23 20:00:00,0.00182684934094616
2024-07-23 21:00:00,0.002199872124936338
2024-07-23 22:00:00,0.002941373524174855
2024-07-23 23:00:00,0.0023973005617765305
2024-07-24 00:00:00,0.00015944043072158164
2024-07-24 01:00:00,0.0018660359852583385
2024-07-24 02:00:00,-0.00013049619180451023
2024-07-24 03:00:00,0.0016109106094075608
2024-07-24 04:00:00,0.0006252725011199671
2024-07-24 05:00:00,0.019141308359580333
2024-07-24 06:00:00,0.04505195749897417
2024-07-24 07:00:00,0.057336179042214476
2024-07-24 08:00:00,0.06065468707916772
2024-07-24 09:00:00,0.045249436095288954
2024-07-24 10:00:00,0.03248211450574572
2024-07-24 11:00:00,0.04538772314129
2024-07-24 12:00:00,0.05173961556002467
2024-07-24 13:00:00,0.05138144366241315
2024-07-24 14:00:00,0.04307888063558461
2024-07-24 15:00:00,0.015625616907319298
2024-07-24 16:00:00,0.006725578670603386
2024-07-24 17:00:00,-0.0015141965010240428
2024-07-24 18:00:00,-0.004146328544895569
2024-07-24 19:00:00,-0.00195196804586243
2024-07-24 20:00:00,-0.0005740870497126584
2024-07-24 21:00:00,0.0014117842605592202
2024-07-24 22:00:00,0.003916932512279141
2024-07-24 23:00:00,0.0030145569720746307
2024-07-25 00:00:00,6.629765911028611e-06
2024-07-25 01:00:00,0.000924645658704613
2024-07-25 02:00:00,-0.0011410713289539598
2024-07-25 03:00:00,0.0007880412883001687
2024-07-25 04:00:00,0.0015693848309260832
2024-07-25 05:00:00,0.020149889427147943
2024-07-25 06:00:00,0.044469060515980006
2024-07-25 07:00:00,0.054899729323062064
2024-07-25 08:00:00,0.05633950693272565
2024-07-25 09:00:00,0.041950140081032386
2024-07-25 10:00:00,0.03133332269931496
2024-07-25 11:00:00,0.04489340022756878
2024-07-25 12:00:00,0.05033415760274114
2024-07-25 13:00:00,0.0490708625691111
2024-07-25 14:00:00,0.039927002662211275
2024-07-25 15:00:00,0.014090683971695253
2024-07-25 16:00:00,0.0069672599067529175
2024-07-25 17:00:00,-0.00019489709538955568
2024-07-25 18:00:00,-0.003133697696860577
2024-07-25 19:00:00,-0.0017080890657736277
2024-07-25 20:00:00,-0.0005361162355591129
2024-07-25 21:00:00,0.0014761552894358107
2024-07-25 22:00:00,0.004606548393749813
2024-07-25 23:00:00,0.0032009488810603565
2024-07-26 00:00:00,9.179924603706537e-06
2024-07-26 01:00:00,-6.308711758165009e-05
2024-07-26 02:00:00,-0.0014148385400510044
2024-07-26 03:00:00,0.0004273021668270751
2024-07-26 04:00:00,0.004324413770571577
2024-07-26 05:00:00,0.024406604468926472
2024-07-26 06:00:00,0.04743555401912944
2024-07-26 07:00:00,0.05351309381594437
2024-07-26 08:00:00,0.05169244787567057
2024-07-26 09:00:00,0.03774222997489436
2024-07-26 10:00:00,0.030949552197394935
2024-07-26 11:00:00,0.046354971398204
2024-07-26 12:00:00,0.04994249350855336
2024-07-26 13:00:00,0.0463283365941412
2024-07-26 14:00:00,0.034455923468960585
2024-07-26 15:00:00,0.010066461791314204
2024-07-26 16:00:00,0.005670450856923366
2024-07-26 17:00:00,2.084922262719017e-05
2024-07-26 18:00:00,-0.002682078571162586
2024-07-26 19:00:00,-0.0016766522105375217
2024-07-26 20:00:00,-0.0003937219382621231
2024-07-26 21:00:00,0.001782734971854559
2024-07-26 22:00:00,0.004767057093494264
2024-07-26 23:00:00,0.0028744460906101987
2024-07-27 00:00:00,0.002460317020900361
2024-07-27 01:00:00,0.002560576251718768
2024-07-27 02:00:00,0.0027398500380117373
2024-07-27 03:00:00,0.004144443943367006
2024-07-27 04:00:00,0.0022109656023457467
2024-07-27 05:00:00,0.0026804376538303487
2024-07-27 06:00:00,0.0015431417896006603
2024-07-27 07:00:00,-0.0010680252655106085
2024-07-27 08:00:00,4.2202291832491956e-05
2024-07-27 09:00:00,0.001582131581127126
2024-07-27 10:00:00,0.0023189119859647355
2024-07-27 11:00:00,0.003921155933913051
2024-07-27 12:00:00,0.0036827427366748155
2024-07-27 13:00:00,0.0010404199740851184
2024-07-27 14:00:00,0.0008928393979389883
2024-07-27 15:00:00,-0.0002481749642597718
2024-07-27 16:00:00,0.0053394652076383204
2024-07-27 17:00:00,0.004781613257198594
2024-07-27 18:00:00,0.0007364562359549101
2024-07-27 19:00:00,0.0007168380486892541
2024-07-27 20:00:00,-0.0004931026034017203
2024-07-27 21:00:00,0.00033074354855459957
2024-07-27 22:00:00,0.0005713903783607815
2024-07-27 23:00:00,0.00019684373702981328
2024-07-28 00:00:00,0.0026418508766320715
2024-07-28 01:00:00,0.0024594283392434333
2024-07-28 02:00:00,0.0026700670003763824
2024-07-28 03:00:00,0.00393648177084303
2024-07-28 04:00:00,0.002243146625610302
2024-07-28 05:00:00,0.00246065039448658
2024-07-28 06:00:00,0.0015642715646692592
2024-07-28 07:00:00,-0.00021397771678977485
2024-07-28 08:00:00,0.00017642763222631066
2024-07-28 09:00:00,0.0014624654491728643
2024-07-28 10:00:00,0.002517477790877175
2024-07-28 11:00:00,0.00397849111085143
2024-07-28 12:00:00,0.0034370017524801037
2024-07-28 13:00:00,0.001801032005723076
2024-07-28 14:00:00,0.001264104325089532
2024-07-28 15:00:00,0.0011343274534710477
2024-07-28 16:00:00,0.005694986688597321
2024-07-28 17:00:00,0.00488934025512694
2024-07-28 18:00:00,0.0017977719804399932
2024-07-28 19:00:00,0.0015532995491476524
2024-07-28 20:00:00,-0.0005963046911680594
2024-07-28 21:00:00,0.00037276254727441487
2024-07-28 22:00:00,0.001862340171656319
2024-07-28 23:00:00,0.004291523997552409
2024-07-29 00:00:00,0.002468628404610993
2024-07-29 01:00:00,0.0037830775706955964
2024-07-29 02:00:00,-0.0006115133578564992
2024-07-29 03:00:00,0.0014813715382580828
2024-07-29 04:00:00,-0.0007924942418205005
2024-07-29 05:00:00,0.009872723225941148
2024-07-29 06:00:00,0.026808154646824286
2024-07-29 07:00:00,0.04161075017236026
2024-07-29 08:00:00,0.05475914717628204
2024-07-29 09:00:00,0.04922109640202654
2024-07-29 10:00:00,0.03791879499933836
2024-07-29 11:00:00,0.0381291453431187
2024-07-29 12:00:00,0.040040303235004085
2024-07-29 13:00:00,0.04682900387240262
2024-07-29 14:00:00,0.05022716538198565
2024-07-29 15:00:00,0.028684889928637675
2024-07-29 16:00:00,0.016930078692876233
2024-07-29 17:00:00,0.0024424229595575477
2024-07-29 18:00:00,-0.004234639644898009
2024-07-29 19:00:00,-0.0014881907271367793
2024-07-29 20:00:00,0.0009921751545863876
2024-07-29 21:00:00,0.0011517137349022519
2024-07-29 22:00:00,0.0008965394760965852
2024-07-29 23:00:00,0.003075728862241873
2024-07-30 00:00:00,0.0007908376856900956
2024-07-30 01:00:00,0.0022264767507960974
2024-07-30 02:00:00,0.00036830060332192124
2024-07-30 03:00:00,0.0019744519658342415
2024-07-30 04:00:00,0.0007929249430236111
2024-07-30 05:00:00,0.017605254688134786
2024-07-30 06:00:00,0.04382447901242115
2024-07-30 07:00:00,0.0566015089681428
2024-07-30 08:00:00,0.06149205672146664
2024-07-30 09:00:00,0.04630813526603067
2024-07-30 10:00:00,0.032842853405021036
2024-07-30 11:00:00,0.04444130204862276
2024-07-30 12:00:00,0.051143945109960065
2024-07-30 13:00:00,0.051876839142641316
2024-07-30 14:00:00,0.04508669743698505
2024-07-30 15:00:00,0.016854845332849585
2024-07-30 16:00:00,0.007548200025914029
2024-07-30 17:00:00,-0.001862968348096424
2024-07-30 18:00:00,-0.004128186888376521
2024-07-30 19:00:00,-0.002075510838227843
2024-07-30 20:00:00,0.0005850549452834158
2024-07-30 21:00:00,0.0013288356966954385
2024-07-30 22:00:00,0.00259949358058233
2024-07-30 23:00:00,0.0021242496169516585
